{"cameraMode":{"drawMode":0,"name":"Shaded","section":"Shading Mode"},"sceneLighting":false,"audioPlay":false,"sceneViewState":{"m_AlwaysRefresh":false,"showFog":true,"showSkybox":false,"showFlares":true,"showImageEffects":true,"showParticleSystems":true,"showVisualEffectGraphs":true,"m_FxEnabled":true},"in2DMode":false,"pivot":{"x":-0.04488539695739746,"y":-2.747767448425293,"z":-36.69577407836914},"rotation":{"x":0.019759204238653184,"y":0.07042310386896134,"z":-0.0013952272711321712,"w":0.997320830821991},"size":6.404092311859131,"orthographic":true}