{"cameraMode":{"drawMode":0,"name":"Shaded","section":"Shading Mode"},"sceneLighting":false,"audioPlay":false,"sceneViewState":{"m_AlwaysRefresh":false,"showFog":true,"showSkybox":false,"showFlares":true,"showImageEffects":true,"showParticleSystems":true,"showVisualEffectGraphs":true,"m_FxEnabled":true},"in2DMode":false,"pivot":{"x":-1.7086317539215088,"y":0.873916506767273,"z":5.211432456970215},"rotation":{"x":0.032598067075014117,"y":-0.1543980836868286,"z":0.005097360350191593,"w":0.9874611496925354},"size":4.867917060852051,"orthographic":true}