{"cameraMode":{"drawMode":0,"name":"Shaded","section":"Shading Mode"},"sceneLighting":true,"audioPlay":false,"sceneViewState":{"m_AlwaysRefresh":false,"showFog":true,"showSkybox":false,"showFlares":true,"showImageEffects":true,"showParticleSystems":true,"showVisualEffectGraphs":true,"m_FxEnabled":true},"in2DMode":false,"pivot":{"x":2.7311601638793947,"y":-0.2311861664056778,"z":-7.940000534057617},"rotation":{"x":0.1184246614575386,"y":0.21129073202610017,"z":-0.025800127536058427,"w":0.9698840379714966},"size":7.8386640548706059,"orthographic":true}