{"cameraMode":{"drawMode":0,"name":"Shaded","section":"Shading Mode"},"sceneLighting":false,"audioPlay":false,"sceneViewState":{"m_AlwaysRefresh":false,"showFog":true,"showSkybox":false,"showFlares":true,"showImageEffects":true,"showParticleSystems":true,"showVisualEffectGraphs":true,"m_FxEnabled":true},"in2DMode":false,"pivot":{"x":5.453824043273926,"y":13.274824142456055,"z":0.6703436374664307},"rotation":{"x":-0.004427574574947357,"y":0.9753187894821167,"z":-0.22014710307121278,"w":-0.019313085824251176},"size":22.67131996154785,"orthographic":true}