{"cameraMode":{"drawMode":0,"name":"Shaded","section":"Shading Mode"},"sceneLighting":true,"audioPlay":false,"sceneViewState":{"m_AlwaysRefresh":false,"showFog":true,"showSkybox":false,"showFlares":true,"showImageEffects":true,"showParticleSystems":true,"showVisualEffectGraphs":true,"m_FxEnabled":true},"in2DMode":false,"pivot":{"x":1458.32958984375,"y":359.44952392578127,"z":-65.01679992675781},"rotation":{"x":0.019759204238653184,"y":0.07042310386896134,"z":-0.0013952272711321712,"w":0.997320830821991},"size":560.808837890625,"orthographic":true}