{"cameraMode":{"drawMode":0,"name":"Shaded","section":"Shading Mode"},"sceneLighting":true,"audioPlay":false,"sceneViewState":{"m_AlwaysRefresh":false,"showFog":true,"showSkybox":false,"showFlares":true,"showImageEffects":true,"showParticleSystems":true,"showVisualEffectGraphs":true,"m_FxEnabled":true},"in2DMode":false,"pivot":{"x":-9.515953063964844,"y":1.3287944793701172,"z":5.884511470794678},"rotation":{"x":-0.002796901622787118,"y":0.9969695210456848,"z":-0.06470389664173126,"w":-0.04309496283531189},"size":9.288886070251465,"orthographic":false}