{"cameraMode":{"drawMode":0,"name":"Shaded","section":"Shading Mode"},"sceneLighting":true,"audioPlay":false,"sceneViewState":{"m_AlwaysRefresh":false,"showFog":true,"showSkybox":true,"showFlares":true,"showImageEffects":true,"showParticleSystems":true,"showVisualEffectGraphs":true,"m_FxEnabled":true},"in2DMode":false,"pivot":{"x":-86.42096710205078,"y":15.055158615112305,"z":103.38326263427735},"rotation":{"x":0.08208728581666947,"y":0.6317870616912842,"z":-0.06753875315189362,"w":0.7678327560424805},"size":247.31275939941407,"orthographic":true}