{"cameraMode":{"drawMode":0,"name":"Shaded","section":"Shading Mode"},"sceneLighting":true,"audioPlay":false,"sceneViewState":{"m_AlwaysRefresh":false,"showFog":true,"showSkybox":true,"showFlares":true,"showImageEffects":true,"showParticleSystems":true,"showVisualEffectGraphs":true,"m_FxEnabled":true},"in2DMode":false,"pivot":{"x":-0.4665326476097107,"y":5.377597332000732,"z":-35.394081115722659},"rotation":{"x":0.008959473110735417,"y":0.09465031325817108,"z":-0.0008518621325492859,"w":0.9954710602760315},"size":8.523313522338868,"orthographic":false}