{"cameraMode":{"drawMode":0,"name":"Shaded","section":"Shading Mode"},"sceneLighting":true,"audioPlay":false,"sceneViewState":{"m_AlwaysRefresh":false,"showFog":true,"showSkybox":true,"showFlares":true,"showImageEffects":true,"showParticleSystems":true,"showVisualEffectGraphs":true,"m_FxEnabled":true},"in2DMode":false,"pivot":{"x":5.326488018035889,"y":-0.1541084200143814,"z":355.5718688964844},"rotation":{"x":0.01792377047240734,"y":-0.09135791659355164,"z":0.0016446212539449335,"w":0.9956567883491516},"size":3.581270217895508,"orthographic":false}