{"cameraMode":{"drawMode":0,"name":"Shaded","section":"Shading Mode"},"sceneLighting":true,"audioPlay":false,"sceneViewState":{"m_AlwaysRefresh":false,"showFog":true,"showSkybox":true,"showFlares":true,"showImageEffects":true,"showParticleSystems":true,"showVisualEffectGraphs":true,"m_FxEnabled":true},"in2DMode":false,"pivot":{"x":51.424983978271487,"y":188.82647705078126,"z":-68.38151550292969},"rotation":{"x":0.5213069915771484,"y":-0.0064001730643212799,"z":0.003909825347363949,"w":0.8533379435539246},"size":106.5580825805664,"orthographic":true}