{"cameraMode":{"drawMode":0,"name":"Shaded","section":"Shading Mode"},"sceneLighting":false,"audioPlay":false,"sceneViewState":{"m_AlwaysRefresh":false,"showFog":true,"showSkybox":false,"showFlares":true,"showImageEffects":true,"showParticleSystems":true,"showVisualEffectGraphs":true,"m_FxEnabled":true},"in2DMode":false,"pivot":{"x":-1.2122015953063965,"y":-0.7947577238082886,"z":0.9951109886169434},"rotation":{"x":0.04893440380692482,"y":-0.9509453773498535,"z":0.22366110980510713,"w":0.20805875957012177},"size":5.325694561004639,"orthographic":false}