{"cameraMode":{"drawMode":0,"name":"Shaded","section":"Shading Mode"},"sceneLighting":true,"audioPlay":false,"sceneViewState":{"m_AlwaysRefresh":false,"showFog":true,"showSkybox":true,"showFlares":true,"showImageEffects":true,"showParticleSystems":true,"showVisualEffectGraphs":true,"m_FxEnabled":true},"in2DMode":false,"pivot":{"x":-13.798887252807618,"y":0.7822878360748291,"z":-5.1425461769104},"rotation":{"x":-0.004955390002578497,"y":0.9950301647186279,"z":-0.06757629662752152,"w":-0.07296564429998398},"size":12.379998207092286,"orthographic":false}