{"cameraMode":{"drawMode":0,"name":"Shaded","section":"Shading Mode"},"sceneLighting":false,"audioPlay":false,"sceneViewState":{"m_AlwaysRefresh":false,"showFog":true,"showSkybox":false,"showFlares":true,"showImageEffects":true,"showParticleSystems":true,"showVisualEffectGraphs":true,"m_FxEnabled":true},"in2DMode":false,"pivot":{"x":14.495478630065918,"y":-0.23160552978515626,"z":20.458402633666993},"rotation":{"x":0.7351263165473938,"y":0.0061009712517261509,"z":-0.006616303697228432,"w":0.6778687834739685},"size":37.21006393432617,"orthographic":false}