{"cameraMode":{"drawMode":0,"name":"Shaded","section":"Shading Mode"},"sceneLighting":false,"audioPlay":false,"sceneViewState":{"m_AlwaysRefresh":false,"showFog":true,"showSkybox":false,"showFlares":true,"showImageEffects":true,"showParticleSystems":true,"showVisualEffectGraphs":true,"m_FxEnabled":true},"in2DMode":false,"pivot":{"x":1.4939663410186768,"y":1.7837631702423096,"z":66.43634033203125},"rotation":{"x":-0.0014999978011474014,"y":0.0014999978011474014,"z":0.0000022499987153423719,"w":0.9999977350234985},"size":6.108089447021484,"orthographic":true}