{"cameraMode":{"drawMode":0,"name":"Shaded","section":"Shading Mode"},"sceneLighting":false,"audioPlay":false,"sceneViewState":{"m_AlwaysRefresh":false,"showFog":true,"showSkybox":false,"showFlares":true,"showImageEffects":true,"showParticleSystems":true,"showVisualEffectGraphs":true,"m_FxEnabled":true},"in2DMode":false,"pivot":{"x":4.716996192932129,"y":0.9900000691413879,"z":2.0193963050842287},"rotation":{"x":0.1337532252073288,"y":-0.059423383325338367,"z":0.008034786209464074,"w":0.9892006516456604},"size":30.27745819091797,"orthographic":true}