{"cameraMode":{"drawMode":0,"name":"Shaded","section":"Shading Mode"},"sceneLighting":false,"audioPlay":false,"sceneViewState":{"m_AlwaysRefresh":false,"showFog":true,"showSkybox":false,"showFlares":true,"showImageEffects":true,"showParticleSystems":true,"showVisualEffectGraphs":true,"m_FxEnabled":true},"in2DMode":false,"pivot":{"x":12.274158477783204,"y":6.3323235511779789,"z":47.91461181640625},"rotation":{"x":0.07112039625644684,"y":0.0777224525809288,"z":-0.005558631382882595,"w":0.9944199919700623},"size":13.561334609985352,"orthographic":false}