{"cameraMode":{"drawMode":0,"name":"Shaded","section":"Shading Mode"},"sceneLighting":false,"audioPlay":false,"sceneViewState":{"m_AlwaysRefresh":false,"showFog":true,"showSkybox":false,"showFlares":true,"showImageEffects":true,"showParticleSystems":true,"showVisualEffectGraphs":true,"m_FxEnabled":true},"in2DMode":false,"pivot":{"x":4.148533344268799,"y":3.5469374656677248,"z":-7.595523357391357},"rotation":{"x":0.07717428356409073,"y":0.06127716973423958,"z":-0.004752320237457752,"w":0.9951189756393433},"size":7.584807872772217,"orthographic":false}