{"cameraMode":{"drawMode":0,"name":"Shaded","section":"Shading Mode"},"sceneLighting":false,"audioPlay":false,"sceneViewState":{"m_AlwaysRefresh":false,"showFog":true,"showSkybox":false,"showFlares":true,"showImageEffects":true,"showParticleSystems":true,"showVisualEffectGraphs":true,"m_FxEnabled":true},"in2DMode":false,"pivot":{"x":996.2034912109375,"y":439.5242004394531,"z":-11.34561824798584},"rotation":{"x":0.06294681876897812,"y":-0.019165223464369775,"z":0.001208775443956256,"w":0.9978366494178772},"size":294.5377502441406,"orthographic":false}