{"cameraMode":{"drawMode":0,"name":"Shaded","section":"Shading Mode"},"sceneLighting":false,"audioPlay":false,"sceneViewState":{"m_AlwaysRefresh":false,"showFog":true,"showSkybox":false,"showFlares":true,"showImageEffects":true,"showParticleSystems":true,"showVisualEffectGraphs":true,"m_FxEnabled":true},"in2DMode":false,"pivot":{"x":-0.5296028256416321,"y":-0.5821628570556641,"z":10.106942176818848},"rotation":{"x":0.0048779333010315899,"y":-0.5529004335403442,"z":0.003504386870190501,"w":0.8333117365837097},"size":1.5412677526474,"orthographic":true}