{"cameraMode":{"drawMode":0,"name":"Shaded","section":"Shading Mode"},"sceneLighting":false,"audioPlay":false,"sceneViewState":{"m_AlwaysRefresh":false,"showFog":true,"showSkybox":false,"showFlares":true,"showImageEffects":true,"showParticleSystems":true,"showVisualEffectGraphs":true,"m_FxEnabled":true},"in2DMode":false,"pivot":{"x":1783.4150390625,"y":494.6500244140625,"z":0.21391887962818147},"rotation":{"x":0.042886827141046527,"y":-0.0044953045435249809,"z":0.00017257462604902685,"w":0.9990999698638916},"size":94.4006118774414,"orthographic":true}