{"cameraMode":{"drawMode":0,"name":"Shaded","section":"Shading Mode"},"sceneLighting":true,"audioPlay":false,"sceneViewState":{"m_AlwaysRefresh":false,"showFog":true,"showSkybox":false,"showFlares":true,"showImageEffects":true,"showParticleSystems":true,"showVisualEffectGraphs":true,"m_FxEnabled":true},"in2DMode":false,"pivot":{"x":4.411105155944824,"y":-1.7338008880615235,"z":4.012462139129639},"rotation":{"x":0.01792377047240734,"y":-0.09135791659355164,"z":0.0016446212539449335,"w":0.9956567883491516},"size":3.109292984008789,"orthographic":false}