{"cameraMode":{"drawMode":0,"name":"Shaded","section":"Shading Mode"},"sceneLighting":false,"audioPlay":false,"sceneViewState":{"m_AlwaysRefresh":false,"showFog":true,"showSkybox":false,"showFlares":true,"showImageEffects":true,"showParticleSystems":true,"showVisualEffectGraphs":true,"m_FxEnabled":true},"in2DMode":false,"pivot":{"x":2.9690165519714357,"y":-1.4357576370239258,"z":6.823404312133789},"rotation":{"x":0.008857031352818013,"y":0.9796924591064453,"z":-0.04441995173692703,"w":0.19533298909664155},"size":4.419217586517334,"orthographic":true}