{"cameraMode":{"drawMode":0,"name":"Shaded","section":"Shading Mode"},"sceneLighting":false,"audioPlay":false,"sceneViewState":{"m_AlwaysRefresh":false,"showFog":true,"showSkybox":false,"showFlares":true,"showImageEffects":true,"showParticleSystems":true,"showVisualEffectGraphs":true,"m_FxEnabled":true},"in2DMode":false,"pivot":{"x":7.803283214569092,"y":-23.094688415527345,"z":23.80927848815918},"rotation":{"x":0.2455507516860962,"y":0.047961220145225528,"z":-0.012164686806499958,"w":0.9681217670440674},"size":25.93539810180664,"orthographic":false}