{"cameraMode":{"drawMode":0,"name":"Shaded","section":"Shading Mode"},"sceneLighting":false,"audioPlay":false,"sceneViewState":{"m_AlwaysRefresh":false,"showFog":true,"showSkybox":false,"showFlares":true,"showImageEffects":true,"showParticleSystems":true,"showVisualEffectGraphs":true,"m_FxEnabled":true},"in2DMode":false,"pivot":{"x":-18.095510482788087,"y":-9.036849975585938,"z":-28.3779354095459},"rotation":{"x":-0.0017931089969351888,"y":0.996128499507904,"z":-0.020921817049384118,"w":-0.08537707477807999},"size":15.215751647949219,"orthographic":false}