{"cameraMode":{"drawMode":0,"name":"Shaded","section":"Shading Mode"},"sceneLighting":false,"audioPlay":false,"sceneViewState":{"m_AlwaysRefresh":false,"showFog":true,"showSkybox":false,"showFlares":true,"showImageEffects":true,"showParticleSystems":true,"showVisualEffectGraphs":true,"m_FxEnabled":true},"in2DMode":false,"pivot":{"x":11.41374397277832,"y":-4.494858741760254,"z":-33.667476654052737},"rotation":{"x":-0.0017931089969351888,"y":0.996128499507904,"z":-0.020921817049384118,"w":-0.08537707477807999},"size":22.126232147216798,"orthographic":false}