{"cameraMode":{"drawMode":0,"name":"Shaded","section":"Shading Mode"},"sceneLighting":false,"audioPlay":false,"sceneViewState":{"m_AlwaysRefresh":false,"showFog":true,"showSkybox":false,"showFlares":true,"showImageEffects":true,"showParticleSystems":true,"showVisualEffectGraphs":true,"m_FxEnabled":true},"in2DMode":false,"pivot":{"x":-1.7342050075531006,"y":-0.32900017499923708,"z":5.480000019073486},"rotation":{"x":0.019759204238653184,"y":0.07042310386896134,"z":-0.0013952272711321712,"w":0.997320830821991},"size":3.8364932537078859,"orthographic":true}