{"cameraMode":{"drawMode":0,"name":"Shaded","section":"Shading Mode"},"sceneLighting":false,"audioPlay":false,"sceneViewState":{"m_AlwaysRefresh":false,"showFog":true,"showSkybox":false,"showFlares":true,"showImageEffects":true,"showParticleSystems":true,"showVisualEffectGraphs":true,"m_FxEnabled":true},"in2DMode":false,"pivot":{"x":-8.606616973876954,"y":1.2138493061065674,"z":5.925626277923584},"rotation":{"x":-0.016498452052474023,"y":-0.009600442834198475,"z":-0.00015844112203922123,"w":0.9998178482055664},"size":4.905835151672363,"orthographic":true}