{"cameraMode":{"drawMode":0,"name":"Shaded","section":"Shading Mode"},"sceneLighting":false,"audioPlay":false,"sceneViewState":{"m_AlwaysRefresh":false,"showFog":true,"showSkybox":false,"showFlares":true,"showImageEffects":true,"showParticleSystems":true,"showVisualEffectGraphs":true,"m_FxEnabled":true},"in2DMode":false,"pivot":{"x":-1.386022925376892,"y":-1.434865951538086,"z":-39.454498291015628},"rotation":{"x":-0.0002329069102415815,"y":-0.9969581961631775,"z":0.07792099565267563,"w":-0.0029812154825776817},"size":21.33353042602539,"orthographic":true}