{"cameraMode":{"drawMode":0,"name":"Shaded","section":"Shading Mode"},"sceneLighting":false,"audioPlay":false,"sceneViewState":{"m_AlwaysRefresh":false,"showFog":true,"showSkybox":false,"showFlares":true,"showImageEffects":true,"showParticleSystems":true,"showVisualEffectGraphs":true,"m_FxEnabled":true},"in2DMode":false,"pivot":{"x":-2.613638162612915,"y":-1.0143064260482789,"z":-39.5279655456543},"rotation":{"x":-0.0002329069102415815,"y":-0.9969581961631775,"z":0.07792099565267563,"w":-0.0029812154825776817},"size":5.344480991363525,"orthographic":true}