{"cameraMode":{"drawMode":0,"name":"Shaded","section":"Shading Mode"},"sceneLighting":false,"audioPlay":false,"sceneViewState":{"m_AlwaysRefresh":false,"showFog":true,"showSkybox":false,"showFlares":true,"showImageEffects":true,"showParticleSystems":true,"showVisualEffectGraphs":true,"m_FxEnabled":true},"in2DMode":false,"pivot":{"x":-0.07999992370605469,"y":-1.9600000381469727,"z":20.100000381469728},"rotation":{"x":0.3116472661495209,"y":0.17259888350963593,"z":-0.05767694488167763,"w":0.9326117038726807},"size":9.447221755981446,"orthographic":false}