{"cameraMode":{"drawMode":0,"name":"Shaded","section":"Shading Mode"},"sceneLighting":true,"audioPlay":false,"sceneViewState":{"m_AlwaysRefresh":false,"showFog":true,"showSkybox":false,"showFlares":true,"showImageEffects":true,"showParticleSystems":true,"showVisualEffectGraphs":true,"m_FxEnabled":true},"in2DMode":false,"pivot":{"x":2.396822452545166,"y":1.7667051553726197,"z":-0.16096587479114533},"rotation":{"x":0.019759204238653184,"y":0.07042310386896134,"z":-0.0013952272711321712,"w":0.997320830821991},"size":7.735859394073486,"orthographic":true}