{"cameraMode":{"drawMode":0,"name":"Shaded","section":"Shading Mode"},"sceneLighting":false,"audioPlay":false,"sceneViewState":{"m_AlwaysRefresh":false,"showFog":true,"showSkybox":false,"showFlares":true,"showImageEffects":true,"showParticleSystems":true,"showVisualEffectGraphs":true,"m_FxEnabled":true},"in2DMode":false,"pivot":{"x":1044.6605224609375,"y":485.3602600097656,"z":-0.012386105954647065},"rotation":{"x":0.057827286422252658,"y":-0.0374278649687767,"z":0.0021791639737784864,"w":0.9976493716239929},"size":284.58062744140627,"orthographic":true}