{"cameraMode":{"drawMode":0,"name":"Shaded","section":"Shading Mode"},"sceneLighting":false,"audioPlay":false,"sceneViewState":{"m_AlwaysRefresh":false,"showFog":true,"showSkybox":false,"showFlares":true,"showImageEffects":true,"showParticleSystems":true,"showVisualEffectGraphs":true,"m_FxEnabled":true},"in2DMode":false,"pivot":{"x":-3.3683900833129885,"y":22.629474639892579,"z":28.727096557617189},"rotation":{"x":0.03518000245094299,"y":0.8279290199279785,"z":-0.05221419781446457,"w":0.5573469996452332},"size":33.85047912597656,"orthographic":true}